"Year","Month","TotalSales"
"2010","12","30041.780000000035"
"2011","01","128468.52999999985"
"2011","02","52321.78000000007"
"2011","03","54908.38999999996"
"2011","04","59421.31000000005"
"2011","05","80994.20999999995"
"2011","06","103140.55999999978"
"2011","07","63744.03100000003"
"2011","08","67787.06999999993"
"2011","09","88223.45099999997"
"2011","10","87916.31999999988"
"2011","11","104836.44999999988"
"2011","12","213368.64999999997"